"b""RT @mervatim: Over at @thebafflermag, in an excerpt from my book, I answered the age-old question: What was Hitler's #MBTI type? https://t.\xe2\x80\xa6"""
"b""RT @mervatim: Over at @thebafflermag, in an excerpt from my book, I answered the age-old question: What was Hitler's #MBTI type? https://t.\xe2\x80\xa6"""
b'I\xe2\x80\x99ve successfully &amp; confidently typed my roommate\xe2\x80\x99s boss on #MBTI solely based on the former\xe2\x80\x99s musings about work. I think I\xe2\x80\x99ve peaked.'
b'In memory of...\n\n#mbti  #tocareornottocare https://t.co/O5On2vbKsw'
"b""Tired of #MBTI and #DISC? This #ProcessCommunicationModel is what's next. https://t.co/PtP3xKoBGq https://t.co/IZXkztgBUf"""
"b""RT @belatedINTP: Why I can't let go of type theory: people make sense to me now. I feel safe interacting with people because even if irrati\xe2\x80\xa6"""
b'RT @amnawords: This list very accurate \xf0\x9f\x98\x85 #intj #mbti https://t.co/Bjx3cDDU2B'
"b'RT @LewisGarrad: #MBTI: ""It is not, and was never intended to be predictive, and should never be used for hiring, screening or to dictate l\xe2\x80\xa6'"
"b'As a self-desribed ""assessment junkie"", interesting article comparing #MBTI and #HBDI. https://t.co/4kGw9oQRI9'"
"b'Topical-I just filled out a personality assessment to discover my #spiritvegetable (swiss chard). #MBTI, ""a gentle\xe2\x80\xa6 https://t.co/xWzG90CM15'"
"b'RT @LewisGarrad: #MBTI: ""It is not, and was never intended to be predictive, and should never be used for hiring, screening or to dictate l\xe2\x80\xa6'"
"b""I have the idea that the #Jungian 'shadow' is not the true opposite personality of a personality type. An N/S-prima\xe2\x80\xa6 https://t.co/yIyKcU19Tw"""
"b'RT @LewisGarrad: #MBTI: ""It is not, and was never intended to be predictive, and should never be used for hiring, screening or to dictate l\xe2\x80\xa6'"
"b'RT @LewisGarrad: #MBTI: ""It is not, and was never intended to be predictive, and should never be used for hiring, screening or to dictate l\xe2\x80\xa6'"
"b""Why I can't let go of type theory: people make sense to me now. I feel safe interacting with people because even if\xe2\x80\xa6 https://t.co/s3nhZvOrEQ"""
"b'RT @LewisGarrad: #MBTI: ""It is not, and was never intended to be predictive, and should never be used for hiring, screening or to dictate l\xe2\x80\xa6'"
"b'I realised how flawed most of the Youtubers analysis of the types are, especially those whose opinions are biased a\xe2\x80\xa6 https://t.co/HaktTk3u0m'"
"b""RT @INxPthoughts: MBTIs type's commandments. Do they align with your beliefs?\n#MBTI #ISTP #INTP #INFP #ENTJ #ISFJ #ISTJ #ESTJ #ESFP #INTJ #\xe2\x80\xa6"""
"b'RT @LewisGarrad: #MBTI: ""It is not, and was never intended to be predictive, and should never be used for hiring, screening or to dictate l\xe2\x80\xa6'"
b'How To Use The #MBTI In Your #Professional #Development https://t.co/zfJnczr8kH'
b'We livestreamed our psycho-analysis of @therealdonaldtrump https://t.co/ATmXYE3iGX #MBTI #socionics #psychology\xe2\x80\xa6 https://t.co/FDlZ8DlwIN'
"b'RT @LewisGarrad: #MBTI: ""It is not, and was never intended to be predictive, and should never be used for hiring, screening or to dictate l\xe2\x80\xa6'"
"b""@surveyguy2 There's a lot of criticism there, to be sure, but the author then inexplicably concludes that the #MBTI\xe2\x80\xa6 https://t.co/HPA7nkoZms"""
"b'RT @HappyINFJ: As an INFJ, do you get really annoyed with the glamorization and idealizing of our personality type? by@HappyINFJ https://t.\xe2\x80\xa6'"
"b'As an INFJ, do you get really annoyed with the glamorization and idealizing of our personality type? by@HappyINFJ\xe2\x80\xa6 https://t.co/egW2jwhOg0'"
b'What Personality Tests Really Deliver!  Self help vs science. #MBTI #assessment #careers https://t.co/HprlneqHOf'
b'Harumph. Another defense of the #MBTI. https://t.co/bclznITDGO https://t.co/L8GCK1RsRt'
b'RT @mbtitime: Tru story\n\n#infp #mbti https://t.co/2aeeXkVG3m'
"b""RT @mervatim: Over at @thebafflermag, in an excerpt from my book, I answered the age-old question: What was Hitler's #MBTI type? https://t.\xe2\x80\xa6"""
b'RT @mbtitime: Tru story\n\n#infp #mbti https://t.co/2aeeXkVG3m'
b'RT @mbtitime: Me in a room full of extroverts\n\n#welp #mbti #introvert #extrovert https://t.co/oSe6OrYlEn'
b'RT @daily_infj: Tell me how accurate is this.\n\n#MBTI https://t.co/CNQMNJNWxw'
"b""RT @mbtitime: I'm a good listener until I stop being one. \n\n#mbti #thestrugglesireal https://t.co/1OkRhOYIhp"""
"b""RT @mervatim: Over at @thebafflermag, in an excerpt from my book, I answered the age-old question: What was Hitler's #MBTI type? https://t.\xe2\x80\xa6"""
"b'RT @LewisGarrad: #MBTI: ""It is not, and was never intended to be predictive, and should never be used for hiring, screening or to dictate l\xe2\x80\xa6'"
"b'RT @Jr_Apprentice: Hope everyone enjoyed their labor day weekend! Today at Pathways Academy, we found out what our personalities were accor\xe2\x80\xa6'"
"b'RT @LewisGarrad: #MBTI: ""It is not, and was never intended to be predictive, and should never be used for hiring, screening or to dictate l\xe2\x80\xa6'"
"b""RT @mervatim: Over at @thebafflermag, in an excerpt from my book, I answered the age-old question: What was Hitler's #MBTI type? https://t.\xe2\x80\xa6"""
"b'RT @LewisGarrad: #MBTI: ""It is not, and was never intended to be predictive, and should never be used for hiring, screening or to dictate l\xe2\x80\xa6'"
"b'RT @LewisGarrad: #MBTI: ""It is not, and was never intended to be predictive, and should never be used for hiring, screening or to dictate l\xe2\x80\xa6'"
"b""RT @mervatim: Over at @thebafflermag, in an excerpt from my book, I answered the age-old question: What was Hitler's #MBTI type? https://t.\xe2\x80\xa6"""
"b'RT @LewisGarrad: #MBTI: ""It is not, and was never intended to be predictive, and should never be used for hiring, screening or to dictate l\xe2\x80\xa6'"
"b""RT @mervatim: Over at @thebafflermag, in an excerpt from my book, I answered the age-old question: What was Hitler's #MBTI type? https://t.\xe2\x80\xa6"""
b'We\xe2\x80\x99ve been learning about the 16 different Myers Briggs personalities in Interpersonal Studies and what our specifi\xe2\x80\xa6 https://t.co/vZ19H2PMoQ'
"b""RT @mervatim: Over at @thebafflermag, in an excerpt from my book, I answered the age-old question: What was Hitler's #MBTI type? https://t.\xe2\x80\xa6"""
"b""Over at @thebafflermag, in an excerpt from my book, I answered the age-old question: What was Hitler's #MBTI type? https://t.co/WQjeh9vKK4"""
b'RT @mbtitime: Tru story\n\n#infp #mbti https://t.co/2aeeXkVG3m'
"b'Hope everyone enjoyed their labor day weekend! Today at Pathways Academy, we found out what our personalities were\xe2\x80\xa6 https://t.co/en7mp2v3qL'"
b'How can I help you reach your potato goals today? \xf0\x9f\x98\x82\xf0\x9f\x98\x82\nWhy is my #MBTI so accurate!? #ENFJ  \n#MondayOnATuesday https://t.co/ZwHQBEPGq2'
b'#Fascinating on the #MBTI #MeyersBriggs #Personality #Psychology #Test original creators were not #psychologists or\xe2\x80\xa6 https://t.co/znmsTxq0bJ'
b'RT @theRealENTJ: Enter my mind... xNTx (#iNtuition #Thinking) Brains!\n\n#ENTJ #INTJ #INTP #ENTP #MBTI https://t.co/65kLgsfung'
"b""I'm a good listener until I stop being one. \n\n#mbti #thestrugglesireal https://t.co/1OkRhOYIhp"""
"b'RT @LewisGarrad: #MBTI: ""It is not, and was never intended to be predictive, and should never be used for hiring, screening or to dictate l\xe2\x80\xa6'"
b'RT @jpdeetlefs: Screenshot At the throne room Of Sword of Titans..... Still a lot to add tho. #indiedev  #videogames  #indiegame #gamedev #\xe2\x80\xa6'
b'RT @jpdeetlefs: Everything we do in life is to distract ourselves from the fact that we are going to be eventually dead forever. So distrac\xe2\x80\xa6'
b'RT @jpdeetlefs: Screenshot At the throne room Of Sword of Titans..... Still a lot to add tho. #indiedev  #videogames  #indiegame #gamedev #\xe2\x80\xa6'
"b'If I read one more well-meaning, but totally misguided fucktard defend astrology as being no less valid than the ps\xe2\x80\xa6 https://t.co/oEuXiEfE9D'"
"b""If you've heard about Merve Emre's book The Personality Brokers, you may be interested in this quasi-review from th\xe2\x80\xa6 https://t.co/JWJbMTl5MZ"""
"b'RT @LewisGarrad: #MBTI: ""It is not, and was never intended to be predictive, and should never be used for hiring, screening or to dictate l\xe2\x80\xa6'"
b'The Capitalist Origins of the Myers-Briggs Personality Test https://t.co/3xSIo9qvEg #mbti'
"b'#MBTI: ""It is not, and was never intended to be predictive, and should never be used for hiring, screening or to di\xe2\x80\xa6 https://t.co/30GVvG8fUU'"
"b""RT @BryanofAllTrade: Sorry it's been so long, but I finally have a new #INTJ #post for you all. It's called 11 #Qualities INTJs Look for in\xe2\x80\xa6"""
b'#Enneagram #MBTI Type Products... Fun! https://t.co/TWT5G5Qjy8'
"b'Some people are neither introverts nor extroverts, they are ""extremo-verts"" \n\n#MBTI #personality inventory'"
"b""I'm Loving the Profairy Typology store on Redbubble! I've been looking for stickers and products with my Enneagram\xe2\x80\xa6 https://t.co/etwgYtz8ZW"""
"b""RT @glkfc: An interesting article on #MBTI, as discussed (dissected?) in Merve Emre's (@mervatim) forthcoming book. Called 'among the silli\xe2\x80\xa6"""
b'RT @JulianBarling: The fascinating story of the mother and daughter (neither of whom were psychologists) who developed the Myers-Briggs-Typ\xe2\x80\xa6'
"b'RT @mervatim: Happy Labor Day! I wrote about the history of #MBTI, the origins of ""work-life balance,"" &amp; how to cheat on personality tests.\xe2\x80\xa6'"
"b""An interesting article on #MBTI, as discussed (dissected?) in Merve Emre's (@mervatim) forthcoming book. Called 'am\xe2\x80\xa6 https://t.co/MGjbkTXacQ"""
b'RT @mbtitime: Interesting chart. What did you get mistyped as?\n \nI wonder how ~accurate~ our typings are to ourselves and other people.\n\n#m\xe2\x80\xa6'
"b'RT @mervatim: Happy Labor Day! I wrote about the history of #MBTI, the origins of ""work-life balance,"" &amp; how to cheat on personality tests.\xe2\x80\xa6'"
b'For anyone who wants to date an ENFP (aka me) #MBTI https://t.co/dPNdybdAFk'
"b'RT @ENFJ_Support: Rumors are carried by haters, spread by fools and accepted by idiots. #MBTI #ENFJ #wisdom #StayStrong #StayTrue'"
b'New lecture comparing #ESFP and #ENFP https://t.co/BHrBmY49hh #MBTI #psychology #16personalities #personalitytype https://t.co/fH5WanQ6zW'
"b""RT @BryanofAllTrade: Sorry it's been so long, but I finally have a new #INTJ #post for you all. It's called 11 #Qualities INTJs Look for in\xe2\x80\xa6"""
"b""Sorry it's been so long, but I finally have a new #INTJ #post for you all. It's called 11 #Qualities INTJs Look for\xe2\x80\xa6 https://t.co/GYyB3vuQ9U"""
b'How to Unlock Your Hidden Genius - via @smedian_network #mbti #SelfImprovement #CareerAdvice #PersonalDevelopment https://t.co/sDe00KTThv'
"b'RT @EvelinaEverest: Fellow writers and YA book lovers, this was too good not to share! The real fate of each Meyers Briggs types in Hunger\xe2\x80\xa6'"
b'RT @mbtitime: Me rn\n\n#infp #infpstruggs #welp #mbti https://t.co/edCvZB6w6d'
b'It\xe2\x80\x99s interesting to see this explained in a way that doesn\xe2\x80\x99t make me feel like a villain when it happens... #mbti\xe2\x80\xa6 https://t.co/2VOIRhRyPT'
b'New lecture on #temperament to help people type themselves and others: https://t.co/PgX8VXu45s  #MBTI #psychology\xe2\x80\xa6 https://t.co/sr6y82JMz9'
b'A brief history on the Myers Briggs test. #MBTI #personality #psychology https://t.co/MusudEkP1M'
"b'Fellow writers and YA book lovers, this was too good not to share! The real fate of each Meyers Briggs types in Hun\xe2\x80\xa6 https://t.co/ei6QnUbqFY'"
b'RT @Viiraniji: Totally true \xf0\x9f\x99\x8c\xf0\x9f\x8f\xbb #infj #mbti https://t.co/1Jp1vz01kZ'
b'RT @MNRealdelSarte: Limits we place on ourselves https://t.co/i3hNcL0CxF #coaching #mbti #processcom #conduiteduchangement #motivation http\xe2\x80\xa6'
b'Totally true \xf0\x9f\x99\x8c\xf0\x9f\x8f\xbb #infj #mbti https://t.co/1Jp1vz01kZ'
b'RT @JessicaVaugn: @CogFun @Michelle_1486 We *ARE* on some know-it-all levels of bullshit when we feel like conversationally strutting. It\xe2\x80\x99s\xe2\x80\xa6'
b'Reputational damage for #HR?\n\n#MyersBriggs #MBTI\n\nCorrect link: https://t.co/jkdr6zuVWP https://t.co/nN4vuBwBkw'
b'The most popular personality test in the world is a joke #MBTI #psykologia #psychology #persoonallisuus\xe2\x80\xa6 https://t.co/i3n58DuErF'
"b'RT @mervatim: Happy Labor Day! I wrote about the history of #MBTI, the origins of ""work-life balance,"" &amp; how to cheat on personality tests.\xe2\x80\xa6'"
"b'RT @mervatim: Happy Labor Day! I wrote about the history of #MBTI, the origins of ""work-life balance,"" &amp; how to cheat on personality tests.\xe2\x80\xa6'"
"b'@FionaQuigs @DonaldClark Me too :( Sometimes they say ""it doesn\'t matter if people get value from it"", which I do u\xe2\x80\xa6 https://t.co/af1mzYeoGL'"
"b'RT @naruschkakimano: ""Can we please kill the stereotype that NTs are cold, dispassionate people? I mean we might actually be planning your\xe2\x80\xa6'"
"b'RT @mervatim: Happy Labor Day! I wrote about the history of #MBTI, the origins of ""work-life balance,"" &amp; how to cheat on personality tests.\xe2\x80\xa6'"
"b'""Can we please kill the stereotype that NTs are cold, dispassionate people? I mean we might actually be planning yo\xe2\x80\xa6 https://t.co/DplEjR3PVg'"
"b'RT @mervatim: Happy Labor Day! I wrote about the history of #MBTI, the origins of ""work-life balance,"" &amp; how to cheat on personality tests.\xe2\x80\xa6'"
"b'RT @mervatim: Happy Labor Day! I wrote about the history of #MBTI, the origins of ""work-life balance,"" &amp; how to cheat on personality tests.\xe2\x80\xa6'"
b'@ZombieTrev5k I wish we would move on from #MBTI. We like it because it is positive (not all personality characteri\xe2\x80\xa6 https://t.co/51KnaQRml8'
"b'RT @mervatim: Happy Labor Day! I wrote about the history of #MBTI, the origins of ""work-life balance,"" &amp; how to cheat on personality tests.\xe2\x80\xa6'"
"b'RT @mervatim: Happy Labor Day! I wrote about the history of #MBTI, the origins of ""work-life balance,"" &amp; how to cheat on personality tests.\xe2\x80\xa6'"
"b'RT @mervatim: Happy Labor Day! I wrote about the history of #MBTI, the origins of ""work-life balance,"" &amp; how to cheat on personality tests.\xe2\x80\xa6'"
"b'RT @mervatim: Happy Labor Day! I wrote about the history of #MBTI, the origins of ""work-life balance,"" &amp; how to cheat on personality tests.\xe2\x80\xa6'"
"b'RT @mervatim: Happy Labor Day! I wrote about the history of #MBTI, the origins of ""work-life balance,"" &amp; how to cheat on personality tests.\xe2\x80\xa6'"
"b'RT @mervatim: Happy Labor Day! I wrote about the history of #MBTI, the origins of ""work-life balance,"" &amp; how to cheat on personality tests.\xe2\x80\xa6'"
"b""I once wrote a rant against the #MBTI to my entire grad school listserv*. Someone's done one better, &amp; written a bo\xe2\x80\xa6 https://t.co/VM29SFc0ry"""
"b'RT @mervatim: Happy Labor Day! I wrote about the history of #MBTI, the origins of ""work-life balance,"" &amp; how to cheat on personality tests.\xe2\x80\xa6'"
"b'RT @mervatim: Happy Labor Day! I wrote about the history of #MBTI, the origins of ""work-life balance,"" &amp; how to cheat on personality tests.\xe2\x80\xa6'"
"b'RT @mervatim: Happy Labor Day! I wrote about the history of #MBTI, the origins of ""work-life balance,"" &amp; how to cheat on personality tests.\xe2\x80\xa6'"
"b'Happy Labor Day! I wrote about the history of #MBTI, the origins of ""work-life balance,"" &amp; how to cheat on personal\xe2\x80\xa6 https://t.co/zuO58X6WFH'"
b'RT @CursedTea__: Full house. #INTJ #MBTI https://t.co/lClWfw5pdU'
b'RT @MNRealdelSarte: Limits we place on ourselves https://t.co/i3hNcL0CxF #coaching #mbti #processcom #conduiteduchangement #motivation http\xe2\x80\xa6'
b'Very interesting!#mbti https://t.co/PIbQIWXqyA'
"b""ARE YOU OKAY? are you mad? -no dammit i'm thinking! #intjstare #intj #personality #mbti"""
b'@CogFun @Michelle_1486 We *ARE* on some know-it-all levels of bullshit when we feel like conversationally strutting. It\xe2\x80\x99s true. #ENTP #MBTI'
b'I just came across this handy #MBTI flowchart. https://t.co/8Q2wBq3fae'
"b'New video out today about the Fi function, a habit of internal feeling that is very common among poets. I started m\xe2\x80\xa6 https://t.co/z724qBlFVV'"
b'RT @Miswired8: There seems to be the common perception among #MBTI enthusiasts that one is always GOOD at their top two functions. This isn\xe2\x80\xa6'
"b""RT @katPassionate: #MBTI tests are bad.  Very bad.  Awful.  It's nearly impossible to actually get your correct typing from them.  Watch @h\xe2\x80\xa6"""
b'RT @katPassionate: Anybody can be fake.  Anybody can be manipulative.  Anybody can be intelligent.  Anybody can be an idiot.  EVERYBODY has\xe2\x80\xa6'
b'RT @jpdeetlefs: Supervillains would have a lot more success if they committed crimes during the day when all the heroes are at their dayjob\xe2\x80\xa6'
b'RT @jpdeetlefs: Supervillains would have a lot more success if they committed crimes during the day when all the heroes are at their dayjob\xe2\x80\xa6'
b'RT @jpdeetlefs: No one in history has ever \xe2\x80\x9csaved a life\xe2\x80\x9d\nThey have only delayed the death.#Quotes #FOLLOW #Twitter #life #facts #Gamescom2\xe2\x80\xa6'
b'RT @jpdeetlefs: A Resume is just a fancy version of \xe2\x80\x9cWill work for food\xe2\x80\x9d sign.#Quotes #FOLLOW #Twitter #life #facts #Gamescom2018 #INTP #in\xe2\x80\xa6'
b'RT @jpdeetlefs: We will never know who is the worlds best liar.#Quotes #FOLLOW #Twitter #life #facts #Gamescom2018 #INTP #infj #MBTI #intj\xe2\x80\xa6'
b'RT @jpdeetlefs: You discovered the ability to time travel. You go 30 years into the future expecting to meet your future self only to disco\xe2\x80\xa6'
b'#Personality types [Personality &amp; TKMS series] https://t.co/34DrTpCMR3 #bigfive #fivefactormodel #mbti #myersbriggs #km'
b'Very interesting! I have liked the #MBTI but it\xe2\x80\x99s true it does not have rigorous research behind it. https://t.co/etAsBoUGUQ'
b'Me rn\n\n#infp #infpstruggs #welp #mbti https://t.co/edCvZB6w6d'
"b'Reinin dichotomies - mathematical dichotomies that socionics has added to each type, to differentiate between them.\xe2\x80\xa6 https://t.co/UIrwWr3xVF'"
"b'What You Want Versus What You Need In A #Relationship, Based On Your Personality Type https://t.co/mS8U83aKa5 #MBTI'"
b'My jaw dropped with the rush of familiarity with my small sample population. \xf0\x9f\x98\xb1\n\n#entp #mbti https://t.co/k80bfLHeY4'
"b""RT @INxPthoughts: MBTIs type's commandments. Do they align with your beliefs?\n#MBTI #ISTP #INTP #INFP #ENTJ #ISFJ #ISTJ #ESTJ #ESFP #INTJ #\xe2\x80\xa6"""
b'In my free course you will discover how understanding your #MBTI personality type can help you create a life you lo\xe2\x80\xa6 https://t.co/uU28OPPPw5'
"b""RT @billwall86: How can you set life goals to reach your potential, when you don't even know yourself?\n\nLearning about your #mbti type is a\xe2\x80\xa6"""
b'Limits we place on ourselves https://t.co/i3hNcL0CxF #coaching #mbti #processcom #conduiteduchangement #motivation https://t.co/JB5dfUK42j'
b'RT @naruschkakimano: So fucking accurate!\n\n#mbti #ENTJ https://t.co/GJbulmvCIY'
"b'RT @Viiraniji: #infj #mbti ..one does not simply, tell an infj what to do.. \xf0\x9f\x99\x8c\xf0\x9f\x8f\xbb https://t.co/0fKJkNB6zL'"
b'Is this relatable to any other intjs lol not super literal but found this funny #intj #mbti https://t.co/VzzvWsU0ja'
b'RT @mbtifacts1: Accurate !!\xf0\x9f\x98\xb3 #mbti https://t.co/C0a0p2IVN1'
b'RT @mbtifacts1: Why your #mbti type is so cool \xf0\x9f\x98\x8b https://t.co/j7YyauwVQC'
b'RT @Miswired8: Fascinating chart on cognitive bias. Seems like there are correlations with #MBTI  types. https://t.co/fj14JL3y5S'
b'The most popular #personality test in the world is a #joke https://t.co/phqGiLU0AQ via @outline #MBTI #MyersBriggs'
"b""#MBTI/#Enneagram peeps: looking for some advice! What are some traits you associate with Fi-using 3s? If you're a _\xe2\x80\xa6 https://t.co/C8uwcNxLNQ"""
"b""RT @INxPthoughts: MBTIs type's commandments. Do they align with your beliefs?\n#MBTI #ISTP #INTP #INFP #ENTJ #ISFJ #ISTJ #ESTJ #ESFP #INTJ #\xe2\x80\xa6"""
b'#Psychology #Personality: Test here at #PersonalityPage to know your #MBTI: https://t.co/pUDOYZdSwn | #Careers\xe2\x80\xa6 https://t.co/i6TkWAqqbP'
b'We all need an #EXFP in our lives to brighten things up. #mbti'
b'Top 7 the most accurate. Any other #isfj friends? \n\nI try not to base too much of myself off #mbti typing like I us\xe2\x80\xa6 https://t.co/NvEbekS7Iv'
"b'What You Want Versus What You Need In A #Relationship, Based On Your Personality Type https://t.co/Wap7sGYoDS #MBTI'"
"b'A comparison on how #Jung, #MBTI and #socionics describes the cognitive functions. \n\nhttps://t.co/BcdlYyKcg2'"
b'Fascinating chart on cognitive bias. Seems like there are correlations with #MBTI  types. https://t.co/fj14JL3y5S'
b'Plan for today \n#EOTR\nSpot the #MBTI type... https://t.co/Wli7K9R9Lw'
"b'RT @Viiraniji: #infj #mbti ..one does not simply, tell an infj what to do.. \xf0\x9f\x99\x8c\xf0\x9f\x8f\xbb https://t.co/0fKJkNB6zL'"
"b'RT @jpdeetlefs: You took a chance, you did something great. You were wrong, but it was still great. You should feel great that it was great\xe2\x80\xa6'"
b'RT @jpdeetlefs: Yeah....\n#MBTI #INTP #INFJ #introvert #personality  #Twitter https://t.co/M5Rx6Erain'
b'#MBTI Is Extroverted iNtuition about building a vision (mental image of objects) to expand physical limitations/bou\xe2\x80\xa6 https://t.co/9RUkUd09bP'
b'RT @MNRealdelSarte: Rutgers S.A.F.E.T.Y. Clinic To Be Offered In September https://t.co/w7bheQGf3e #coaching #mbti #processcom #conduiteduc\xe2\x80\xa6'
b'This (from Ed Schein) is the fair essence of both critique of #MBTI and defence of it against wild emotional compar\xe2\x80\xa6 https://t.co/FiKZmoDxgD'
b'RT @mbtitime: Lol at #Fi\n\n#mbti https://t.co/Q9cA0Yh9vG'
b'RT @mbtitime: I like u but pls go away\n\n#infp #intj #fi #mbti https://t.co/CB2LvW8sok'
"b'RT @SkylarJayBird: ""Ultimately, your #MBTI type is about your essence when you are centered, grounded and in connection with your spirit, a\xe2\x80\xa6'"
"b'""Ultimately, your #MBTI type is about your essence when you are centered, grounded and in connection with your spir\xe2\x80\xa6 https://t.co/8t7Zc2rjDS'"
b'The fascinating story of the mother and daughter (neither of whom were psychologists) who developed the Myers-Brigg\xe2\x80\xa6 https://t.co/83halqv3eo'
b'RT @INxPthoughts: These are some things that people needs to understand.\n#MBTI #ISTP #INTP #INFP #ENTJ #ISFJ #ISTJ #ESTJ #ESFP #INTJ #ENFJ\xe2\x80\xa6'
"b""The internet seems to think that Voldemort is an ENTJ, but he is absolutely not E. He's not an INTJ either: an INTJ\xe2\x80\xa6 https://t.co/9rbkUDMZc1"""
b'These are some things that people needs to understand.\n#MBTI #ISTP #INTP #INFP #ENTJ #ISFJ #ISTJ #ESTJ #ESFP #INTJ\xe2\x80\xa6 https://t.co/MnjKF4tFKA'
b'Build effective teams and learn more about communication styles after our Sep. 27th seminar on how Myers Briggs can\xe2\x80\xa6 https://t.co/85f1IAb08K'
b'Who were Myers and Briggs? #MBTI #personality https://t.co/hcxCajRVvn'
"b'What You Want Versus What You Need In A #Relationship, Based On Your Personality Type https://t.co/JEYWugnMgg #MBTI'"
"b""#JustForLaugh Can't help being amused. But it's true, #INTJ(s) R factual &amp; logic ppl. The best approach is to be ho\xe2\x80\xa6 https://t.co/S4IaZZIITp"""
b'RT @VictoriahBF: Knowing oneself is essential to well-being and a define part of the Global Goals.\n\nI\xe2\x80\x99m an #INFJ per the #MBTI &amp; just found\xe2\x80\xa6'
"b'I constantly re-take free #MBTI #MeyersBriggs tests, &amp; yesterday HumanMetrics scored me as #INTP, but 16 Personalit\xe2\x80\xa6 https://t.co/sVWano8xWB'"
b'Knowing oneself is essential to well-being and a define part of the Global Goals.\n\nI\xe2\x80\x99m an #INFJ per the #MBTI &amp; jus\xe2\x80\xa6 https://t.co/EkTg9KT0DO'
b'RT @mbtitime: Me in a room full of extroverts\n\n#welp #mbti #introvert #extrovert https://t.co/oSe6OrYlEn'
b'RT @jpdeetlefs: You discovered the ability to time travel. You go 30 years into the future expecting to meet your future self only to disco\xe2\x80\xa6'
b'RT @mbtitime: Me in a room full of extroverts\n\n#welp #mbti #introvert #extrovert https://t.co/oSe6OrYlEn'
"b'What You Want Versus What You Need In A #Relationship, Based On Your Personality Type https://t.co/uJWiohwV6z #MBTI'"
b'RT @INxPthoughts: I checked the MBTI of my friends and I guess I have to agree.\n\n#MBTI #ISTP #INTP #INFP #ENTJ #ISFJ #ISTJ #ESTJ #ESFP #INT\xe2\x80\xa6'
"b'Our @gwsunrey dives deep in this edition of ""Careers in Arts, Media &amp; Communications"" talking about connections wit\xe2\x80\xa6 https://t.co/81O5AutOas'"
b'RT @shy_introverted: So true! #infj #mbti #anxiety #shy #awkward https://t.co/1xE0E536R0'
"b'RT @zed_wms: When I learned that #Trump is an #ESTP (opposite of my #INFJ) I had dark suspicions about ESTPs. Then I remembered, Hitler was\xe2\x80\xa6'"
"b'When I learned that #Trump is an #ESTP (opposite of my #INFJ) I had dark suspicions about ESTPs. Then I remembered,\xe2\x80\xa6 https://t.co/gIr5kSEGlO'"
b'RT @shy_introverted: So true! #infj #mbti #anxiety #shy #awkward https://t.co/1xE0E536R0'
"b""As a high Myers Briggs 'E' type (I get my energy from those outside, enjoy talking things through) I can get easily\xe2\x80\xa6 https://t.co/utOOgQoMvx"""
b'RT @INxPthoughts: I checked the MBTI of my friends and I guess I have to agree.\n\n#MBTI #ISTP #INTP #INFP #ENTJ #ISFJ #ISTJ #ESTJ #ESFP #INT\xe2\x80\xa6'
b'RT @INxPthoughts: I checked the MBTI of my friends and I guess I have to agree.\n\n#MBTI #ISTP #INTP #INFP #ENTJ #ISFJ #ISTJ #ESTJ #ESFP #INT\xe2\x80\xa6'
b'I checked the MBTI of my friends and I guess I have to agree.\n\n#MBTI #ISTP #INTP #INFP #ENTJ #ISFJ #ISTJ #ESTJ\xe2\x80\xa6 https://t.co/PaiFC5T94Z'
"b'RT @zed_wms: @TruthfullLies @proxhawk I sometimes wonder the same thing, and I think #socialmedia filtering is a factor (we filter for what\xe2\x80\xa6'"
b'The most popular personality test in the world is a joke https://t.co/umKbneOMuz via @outline\n#myerbriggs is nonsen\xe2\x80\xa6 https://t.co/hon6B9yMcs'
b'I love my #Ne though \n\nMuhaha.\n#infp #infpstruggs #mbti https://t.co/Q8uhjV0bgi'
b'I like u but pls go away\n\n#infp #intj #fi #mbti https://t.co/CB2LvW8sok'
b'Lol at #Fi\n\n#mbti https://t.co/Q9cA0Yh9vG'
b'RT @AlexandraAuran: Definitely me. #INFJ #IntrovertedExtrovert #RarePersonalityType #MBTI https://t.co/ZrB2aNvWdh'
b'Definitely me. #INFJ #IntrovertedExtrovert #RarePersonalityType #MBTI https://t.co/ZrB2aNvWdh'
"b'RT @Viiraniji: #infj #mbti ..one does not simply, tell an infj what to do.. \xf0\x9f\x99\x8c\xf0\x9f\x8f\xbb https://t.co/0fKJkNB6zL'"
b'RT @daily_infj: Tell me how accurate is this.\n\n#MBTI https://t.co/CNQMNJNWxw'
b'Registration for our Refresh &amp; Re-engage in Toronto are still open! Save $100 if you register by Sept 11!\xe2\x80\xa6 https://t.co/Nlpi1OxTqo'
b'RT @katPassionate: Anybody can be fake.  Anybody can be manipulative.  Anybody can be intelligent.  Anybody can be an idiot.  EVERYBODY has\xe2\x80\xa6'
b'Any ENFJ person here?\n#MBTI'
b'This is my most popular post of today:  #infp #personality #personalitytest #MBTI https://t.co/osIEHWHjRG'
"b""Here's what you hated about school based on your #MBTI personality type https://t.co/dvYJfTvAUS"""
b'RT @adam__jun: #MBTI Goldilocks \n\nToo cold: astrology for nerds\nToo hot: infallible religion\n\nJust right:\n\nUseful and fallible framework /\xe2\x80\xa6'
"b'RT @Viiraniji: #infj #mbti ..one does not simply, tell an infj what to do.. \xf0\x9f\x99\x8c\xf0\x9f\x8f\xbb https://t.co/0fKJkNB6zL'"
"b'RT @scribblylibby: Sometimes I think Myers-Briggs is a bit silly, and other times I find myself reading a new description of NiDom and goin\xe2\x80\xa6'"
b'RT @katPassionate: Anybody can be fake.  Anybody can be manipulative.  Anybody can be intelligent.  Anybody can be an idiot.  EVERYBODY has\xe2\x80\xa6'
b'RT @shy_introverted: So true! #infj #mbti #anxiety #shy #awkward https://t.co/1xE0E536R0'
b'RT @LnDDave: Have we all been duped by the Myers-Briggs test? | Fortune https://t.co/6aaEebhJtK\n#learning #MBTI #education #myths #training'
b'From @nytimesbooks: \xe2\x80\x98The Personality Brokers\xe2\x80\x99 Conjures the Mother and Daughter Who Helped Us Think of Ourselves as\xe2\x80\xa6 https://t.co/aoxBZQlmB9'
b'Our executive coach Jacqy has coached hundreds of people using her knowledge of #MBTI and #NLP and helped them rega\xe2\x80\xa6 https://t.co/YMhfcrdHm9'
"b'RT @Viiraniji: #infj #mbti ..one does not simply, tell an infj what to do.. \xf0\x9f\x99\x8c\xf0\x9f\x8f\xbb https://t.co/0fKJkNB6zL'"
"b'RT @Viiraniji: #infj #mbti ..one does not simply, tell an infj what to do.. \xf0\x9f\x99\x8c\xf0\x9f\x8f\xbb https://t.co/0fKJkNB6zL'"
"b'#infj #mbti ..one does not simply, tell an infj what to do.. \xf0\x9f\x99\x8c\xf0\x9f\x8f\xbb https://t.co/0fKJkNB6zL'"
b'RT @LnDDave: Have we all been duped by the Myers-Briggs test? | Fortune https://t.co/awb5JHfdNH\n#learning #MBTI #education #myths #training'
b'RT @daily_infj: Tell me how accurate is this.\n\n#MBTI https://t.co/CNQMNJNWxw'
b'RT @mbtitime: Me in a room full of extroverts\n\n#welp #mbti #introvert #extrovert https://t.co/oSe6OrYlEn'
b'RT @MNRealdelSarte: Rutgers S.A.F.E.T.Y. Clinic To Be Offered In September https://t.co/w7bheQGf3e #coaching #mbti #processcom #conduiteduc\xe2\x80\xa6'
b'If I\xe2\x80\x99m reminded of one thing every days it\xe2\x80\x99s that Feeling types are virtually incapable of looking at anything objectively #MBTI #ENFP'
b'This list very accurate \xf0\x9f\x98\x85 #intj #mbti https://t.co/Bjx3cDDU2B'
b'RT @mbtifacts1: #mbti first impressions https://t.co/L2IpMZcDzN'
"b""RT @SkylarJayBird: According to this succinct diagram, I'm still an #INFJ \xf0\x9f\xa4\xa3 What are you? #MBTI https://t.co/iDjVA0HcnQ"""
b'RT @mbtifacts1: How each #mbti type would become famous https://t.co/NlFtWjT0QB'
b'RT @mbtifacts1: Facial Expression #mbti https://t.co/qFuEjLWNMh'
b'RT @mbtifacts1: #mbti types when they feel a crush coming on https://t.co/wNz0b8EsZd'
b'RT @mbtifacts1: Dominant cognitive functions! #mbti https://t.co/Rw6oXFGgBn'
b'RT @mbtifacts1: #mbti and Hogwarts Houses https://t.co/VSyKRsZadz'
b'RT @mbtifacts1: #mbti in words https://t.co/uT1TLU11JH'
"b""RT @mbtifacts1: #mbti \xf0\x9f\x8c\xb7\xf0\x9f\x8c\xb8 I'm back! https://t.co/MX4QaQfrNQ"""
b'RT @mbtifacts1: Who are you? \xf0\x9f\xa4\x94 #mbti https://t.co/J9tcUHgxXC'
b'RT @mbtifacts1: Accurate !!\xf0\x9f\x98\xb3 #mbti https://t.co/C0a0p2IVN1'
b'RT @mbtifacts1: Why your #mbti type is so cool \xf0\x9f\x98\x8b https://t.co/j7YyauwVQC'
b'RT @MBTItweets: Please drop by Stand 90 to share your #MBTI type at #AHRINC &gt; What will the AHRI NCE Team Type be? @AHRItweets https://t.co\xe2\x80\xa6'
b'Please drop by Stand 90 to share your #MBTI type at #AHRINC &gt; What will the AHRI NCE Team Type be? @AHRItweets https://t.co/OVgQKYbzeP'
"b""According to this succinct diagram, I'm still an #INFJ \xf0\x9f\xa4\xa3 What are you? #MBTI https://t.co/iDjVA0HcnQ"""
b'RT @mbtitime: Interesting chart. What did you get mistyped as?\n \nI wonder how ~accurate~ our typings are to ourselves and other people.\n\n#m\xe2\x80\xa6'
"b""RT @billwall86: How can you set life goals to reach your potential, when you don't even know yourself?\n\nLearning about your #mbti type is a\xe2\x80\xa6"""
b'RT @CF_CAPSTechEng: How will the cars of the future be? Exploring #MBTI personalities with @BCS_UNI https://t.co/xhb5owCQUo'
b'RT @MNRealdelSarte: Rutgers S.A.F.E.T.Y. Clinic To Be Offered In September https://t.co/w7bheQGf3e #coaching #mbti #processcom #conduiteduc\xe2\x80\xa6'
b'RT @MNRealdelSarte: Rutgers S.A.F.E.T.Y. Clinic To Be Offered In September https://t.co/w7bheQGf3e #coaching #mbti #processcom #conduiteduc\xe2\x80\xa6'
b'RT @MNRealdelSarte: Rutgers S.A.F.E.T.Y. Clinic To Be Offered In September https://t.co/w7bheQGf3e #coaching #mbti #processcom #conduiteduc\xe2\x80\xa6'
b'RT @MNRealdelSarte: Rutgers S.A.F.E.T.Y. Clinic To Be Offered In September https://t.co/w7bheQGf3e #coaching #mbti #processcom #conduiteduc\xe2\x80\xa6'
"b'Personalities can upset each other and trigger our emotions. How we handle other personality types, can in part ref\xe2\x80\xa6 https://t.co/PzLEZKPdxJ'"
b'RT @INxPthoughts: Which squad do you belong?\n#MBTI #ISTP #INTP #INFP #ENTJ #ISFJ #ISTJ #ESTJ #ESFP #INTJ #ENFJ #ESFJ #ENTP #ENFP #ESTP #INF\xe2\x80\xa6'
b'RT @INxPthoughts: Way to state the obvious. \xf0\x9f\x98\x82\n#MBTI #ISTP #INTP #INFP #ENTJ #ISFJ #ISTJ #ESTJ #ESFP #INTJ #ENFJ #ESFJ #ENTP #ENFP #ESTP #IN\xe2\x80\xa6'
b'RT @INxPthoughts: Agree?\n#MBTI #ISTP #INTP #INFP #ENTJ #ISFJ #ISTJ #ESTJ #ESFP #INTJ #ENFJ #ESFJ #ENTP #ENFP #ESTP #INFJ #ISFP https://t.co\xe2\x80\xa6'
"b""RT @INxPthoughts: MBTIs type's commandments. Do they align with your beliefs?\n#MBTI #ISTP #INTP #INFP #ENTJ #ISFJ #ISTJ #ESTJ #ESFP #INTJ #\xe2\x80\xa6"""
b'New lecture on comparing #ESFJ #ENFJ #MBTI #psychology #16personalities #personalitytype https://t.co/IbWMhLbMR1'
b'RT @daily_infj: Tell me how accurate is this.\n\n#MBTI https://t.co/CNQMNJNWxw'
b'RT @MNRealdelSarte: Rutgers S.A.F.E.T.Y. Clinic To Be Offered In September https://t.co/w7bheQGf3e #coaching #mbti #processcom #conduiteduc\xe2\x80\xa6'
b'RT @MNRealdelSarte: Rutgers S.A.F.E.T.Y. Clinic To Be Offered In September https://t.co/w7bheQGf3e #coaching #mbti #processcom #conduiteduc\xe2\x80\xa6'
b'Have we all been duped by the Myers-Briggs test? | Fortune https://t.co/6aaEebhJtK\n#learning #MBTI #education #myths #training'
b'RT @MNRealdelSarte: Rutgers S.A.F.E.T.Y. Clinic To Be Offered In September https://t.co/w7bheQGf3e #coaching #mbti #processcom #conduiteduc\xe2\x80\xa6'
b'RT @katPassionate: Anybody can be fake.  Anybody can be manipulative.  Anybody can be intelligent.  Anybody can be an idiot.  EVERYBODY has\xe2\x80\xa6'
b'RT @katPassionate: Anybody can be fake.  Anybody can be manipulative.  Anybody can be intelligent.  Anybody can be an idiot.  EVERYBODY has\xe2\x80\xa6'
b'RT @MNRealdelSarte: Rutgers S.A.F.E.T.Y. Clinic To Be Offered In September https://t.co/w7bheQGf3e #coaching #mbti #processcom #conduiteduc\xe2\x80\xa6'
b'RT @katPassionate: Anybody can be fake.  Anybody can be manipulative.  Anybody can be intelligent.  Anybody can be an idiot.  EVERYBODY has\xe2\x80\xa6'
b'RT @katPassionate: Anybody can be fake.  Anybody can be manipulative.  Anybody can be intelligent.  Anybody can be an idiot.  EVERYBODY has\xe2\x80\xa6'
b'RT @katPassionate: Anybody can be fake.  Anybody can be manipulative.  Anybody can be intelligent.  Anybody can be an idiot.  EVERYBODY has\xe2\x80\xa6'
b'#MBTI Goldilocks \n\nToo cold: astrology for nerds\nToo hot: infallible religion\n\nJust right:\n\nUseful and fallible fra\xe2\x80\xa6 https://t.co/bRXtLlYpix'
b'RT @INxPthoughts: Which squad do you belong?\n#MBTI #ISTP #INTP #INFP #ENTJ #ISFJ #ISTJ #ESTJ #ESFP #INTJ #ENFJ #ESFJ #ENTP #ENFP #ESTP #INF\xe2\x80\xa6'
b'RT @Miswired8: There seems to be the common perception among #MBTI enthusiasts that one is always GOOD at their top two functions. This isn\xe2\x80\xa6'
b'RT @MNRealdelSarte: Rutgers S.A.F.E.T.Y. Clinic To Be Offered In September https://t.co/w7bheQGf3e #coaching #mbti #processcom #conduiteduc\xe2\x80\xa6'
b'RT @Miswired8: There seems to be the common perception among #MBTI enthusiasts that one is always GOOD at their top two functions. This isn\xe2\x80\xa6'
b'RT @katPassionate: Anybody can be fake.  Anybody can be manipulative.  Anybody can be intelligent.  Anybody can be an idiot.  EVERYBODY has\xe2\x80\xa6'
b'RT @katPassionate: Anybody can be fake.  Anybody can be manipulative.  Anybody can be intelligent.  Anybody can be an idiot.  EVERYBODY has\xe2\x80\xa6'
b'RT @katPassionate: Anybody can be fake.  Anybody can be manipulative.  Anybody can be intelligent.  Anybody can be an idiot.  EVERYBODY has\xe2\x80\xa6'
b'RT @katPassionate: Anybody can be fake.  Anybody can be manipulative.  Anybody can be intelligent.  Anybody can be an idiot.  EVERYBODY has\xe2\x80\xa6'
b'RT @MNRealdelSarte: Rutgers S.A.F.E.T.Y. Clinic To Be Offered In September https://t.co/w7bheQGf3e #coaching #mbti #processcom #conduiteduc\xe2\x80\xa6'
b'RT @katPassionate: Anybody can be fake.  Anybody can be manipulative.  Anybody can be intelligent.  Anybody can be an idiot.  EVERYBODY has\xe2\x80\xa6'
"b""RT @mbtifacts1: RT if you're an #Introvert ! \xe2\x9c\x8c\xf0\x9f\x8f\xbb\xf0\x9f\x99\x8b\xf0\x9f\x8f\xbc\xe2\x80\x8d\xe2\x99\x82\xef\xb8\x8f\xf0\x9f\x99\x8b\xf0\x9f\x8f\xbd #mbti https://t.co/kiKTWMPdTH"""
"b""RT @mbtifacts1: RT if you're an #Introvert ! \xe2\x9c\x8c\xf0\x9f\x8f\xbb\xf0\x9f\x99\x8b\xf0\x9f\x8f\xbc\xe2\x80\x8d\xe2\x99\x82\xef\xb8\x8f\xf0\x9f\x99\x8b\xf0\x9f\x8f\xbd #mbti https://t.co/kiKTWMPdTH"""
b'Rutgers S.A.F.E.T.Y. Clinic To Be Offered In September https://t.co/w7bheQGf3e #coaching #mbti #processcom\xe2\x80\xa6 https://t.co/Mtn1KIIa1o'
"b""#MBTI tests are bad.  Very bad.  Awful.  It's nearly impossible to actually get your correct typing from them.  Wat\xe2\x80\xa6 https://t.co/l4AIYnFKYc"""
b'How will the cars of the future be? Exploring #MBTI personalities with @BCS_UNI https://t.co/xhb5owCQUo'
b'RT @TheGernertCo: THE PERSONALITY BROKERS: The Strange History of Myers-Briggs and the Birth of Personality Testing by @mervatim gets a rav\xe2\x80\xa6'
b'THE PERSONALITY BROKERS: The Strange History of Myers-Briggs and the Birth of Personality Testing by @mervatim gets\xe2\x80\xa6 https://t.co/qqKgBKlrss'
b'there should be a #hardpass button for #friendrequests on @facebook #INFP #MBTI'
b'@AdelaEdithDarcy Not sure it works quite like that!\n#mbti https://t.co/jjAvS4LULn'
"b""How can you set life goals to reach your potential, when you don't even know yourself?\n\nLearning about your #mbti t\xe2\x80\xa6 https://t.co/aS074bPCYt"""
"b'Sometimes I think Myers-Briggs is a bit silly, and other times I find myself reading a new description of NiDom and\xe2\x80\xa6 https://t.co/09qocvkWb6'"
b'How well do we REALLY know ourselves?  \n#mbti  #assessments  #lifelessonsfrom https://t.co/6Mm4Wz5uUL'
b'RT @mbtitime: Me in a room full of extroverts\n\n#welp #mbti #introvert #extrovert https://t.co/oSe6OrYlEn'
b'RT @Miswired8: There seems to be the common perception among #MBTI enthusiasts that one is always GOOD at their top two functions. This isn\xe2\x80\xa6'
"b'@TruthfullLies @proxhawk I sometimes wonder the same thing, and I think #socialmedia filtering is a factor (we filt\xe2\x80\xa6 https://t.co/dz5nnajM61'"
b'RT @jpdeetlefs: Tension is who you think you should be. Relaxation is who you are. #Intp #mbti #people #personality #humanity #life #gamede\xe2\x80\xa6'
b'RT @daily_infj: Tell me how accurate is this.\n\n#MBTI https://t.co/CNQMNJNWxw'
b'RT @mbtitime: Me in a room full of extroverts\n\n#welp #mbti #introvert #extrovert https://t.co/oSe6OrYlEn'
"b'RT @INxPthoughts: #MBTI types: unexpected traits. \xe2\x9c\x8c\n\nI deserve an OSCAR, I know. \xf0\x9f\x98\x86\n\n#ISTP #INTP #INFP #ENTJ #ISFJ #ISTJ #ESTJ #ESFP #INTJ #\xe2\x80\xa6'"
"b'...I must not only learn the prevailing language, but attempt to find ways to communicate with others who speak som\xe2\x80\xa6 https://t.co/vxtKUdKdsH'"
"b'RT @INxPthoughts: #MBTI types: unexpected traits. \xe2\x9c\x8c\n\nI deserve an OSCAR, I know. \xf0\x9f\x98\x86\n\n#ISTP #INTP #INFP #ENTJ #ISFJ #ISTJ #ESTJ #ESFP #INTJ #\xe2\x80\xa6'"
b'RT @daily_infj: Tell me how accurate is this.\n\n#MBTI https://t.co/CNQMNJNWxw'
b'These are the competencies we measure. Sign up for a full break down of your strengths and impress hiring companies\xe2\x80\xa6 https://t.co/xlTpw6Zz0O'
b'RT @daily_infj: Tell me how accurate is this.\n\n#MBTI https://t.co/CNQMNJNWxw'
b'RT @naruschkakimano: So fucking accurate!\n\n#mbti #ENTJ https://t.co/GJbulmvCIY'
b'RT @daily_infj: Tell me how accurate is this.\n\n#MBTI https://t.co/CNQMNJNWxw'
b'New post from  @SheilaGregoire #MBTI and Marriage: Judgers vs. Peceivers (or how we tend to tick each other off!) https://t.co/KiJOXubQKt'
b'RT @ShadowShift77: Takes a long time to get past the walls\n#legit #INTJ #mbti #friendship https://t.co/LGLWAhNhMy'
b'RT @jpdeetlefs: A Resume is just a fancy version of \xe2\x80\x9cWill work for food\xe2\x80\x9d sign.#Quotes #FOLLOW #Twitter #life #facts #Gamescom2018 #INTP #in\xe2\x80\xa6'
b'RT @jpdeetlefs: We will never know who is the worlds best liar.#Quotes #FOLLOW #Twitter #life #facts #Gamescom2018 #INTP #infj #MBTI #intj\xe2\x80\xa6'
b'RT @jpdeetlefs: No one in history has ever \xe2\x80\x9csaved a life\xe2\x80\x9d\nThey have only delayed the death.#Quotes #FOLLOW #Twitter #life #facts #Gamescom2\xe2\x80\xa6'
b'RT @jpdeetlefs: Supervillains would have a lot more success if they committed crimes during the day when all the heroes are at their dayjob\xe2\x80\xa6'
"b'RT @INxPthoughts: #MBTI types: unexpected traits. \xe2\x9c\x8c\n\nI deserve an OSCAR, I know. \xf0\x9f\x98\x86\n\n#ISTP #INTP #INFP #ENTJ #ISFJ #ISTJ #ESTJ #ESFP #INTJ #\xe2\x80\xa6'"
b'RT @jpdeetlefs: We will never know who is the worlds best liar.#Quotes #FOLLOW #Twitter #life #facts #Gamescom2018 #INTP #infj #MBTI #intj\xe2\x80\xa6'
b'RT @jpdeetlefs: No one in history has ever \xe2\x80\x9csaved a life\xe2\x80\x9d\nThey have only delayed the death.#Quotes #FOLLOW #Twitter #life #facts #Gamescom2\xe2\x80\xa6'
b'RT @jpdeetlefs: Supervillains would have a lot more success if they committed crimes during the day when all the heroes are at their dayjob\xe2\x80\xa6'
b'RT @jpdeetlefs: A Resume is just a fancy version of \xe2\x80\x9cWill work for food\xe2\x80\x9d sign.#Quotes #FOLLOW #Twitter #life #facts #Gamescom2018 #INTP #in\xe2\x80\xa6'
b'RT @jpdeetlefs: A Resume is just a fancy version of \xe2\x80\x9cWill work for food\xe2\x80\x9d sign.#Quotes #FOLLOW #Twitter #life #facts #Gamescom2018 #INTP #in\xe2\x80\xa6'
b'RT @jpdeetlefs: We will never know who is the worlds best liar.#Quotes #FOLLOW #Twitter #life #facts #Gamescom2018 #INTP #infj #MBTI #intj\xe2\x80\xa6'
b'RT @jpdeetlefs: No one in history has ever \xe2\x80\x9csaved a life\xe2\x80\x9d\nThey have only delayed the death.#Quotes #FOLLOW #Twitter #life #facts #Gamescom2\xe2\x80\xa6'
b'RT @jpdeetlefs: Supervillains would have a lot more success if they committed crimes during the day when all the heroes are at their dayjob\xe2\x80\xa6'
b'RT @jpdeetlefs: A Resume is just a fancy version of \xe2\x80\x9cWill work for food\xe2\x80\x9d sign.#Quotes #FOLLOW #Twitter #life #facts #Gamescom2018 #INTP #in\xe2\x80\xa6'
b'RT @jpdeetlefs: We will never know who is the worlds best liar.#Quotes #FOLLOW #Twitter #life #facts #Gamescom2018 #INTP #infj #MBTI #intj\xe2\x80\xa6'
b'RT @jpdeetlefs: No one in history has ever \xe2\x80\x9csaved a life\xe2\x80\x9d\nThey have only delayed the death.#Quotes #FOLLOW #Twitter #life #facts #Gamescom2\xe2\x80\xa6'
b'RT @jpdeetlefs: Supervillains would have a lot more success if they committed crimes during the day when all the heroes are at their dayjob\xe2\x80\xa6'
b'RT @jpdeetlefs: A Resume is just a fancy version of \xe2\x80\x9cWill work for food\xe2\x80\x9d sign.#Quotes #FOLLOW #Twitter #life #facts #Gamescom2018 #INTP #in\xe2\x80\xa6'
b'RT @jpdeetlefs: We will never know who is the worlds best liar.#Quotes #FOLLOW #Twitter #life #facts #Gamescom2018 #INTP #infj #MBTI #intj\xe2\x80\xa6'
b'RT @jpdeetlefs: A Resume is just a fancy version of \xe2\x80\x9cWill work for food\xe2\x80\x9d sign.#Quotes #FOLLOW #Twitter #life #facts #Gamescom2018 #INTP #in\xe2\x80\xa6'
b'RT @jpdeetlefs: A Resume is just a fancy version of \xe2\x80\x9cWill work for food\xe2\x80\x9d sign.#Quotes #FOLLOW #Twitter #life #facts #Gamescom2018 #INTP #in\xe2\x80\xa6'
b'A Resume is just a fancy version of \xe2\x80\x9cWill work for food\xe2\x80\x9d sign.#Quotes #FOLLOW #Twitter #life #facts #Gamescom2018\xe2\x80\xa6 https://t.co/b7Q2exwABq'
b'We will never know who is the worlds best liar.#Quotes #FOLLOW #Twitter #life #facts #Gamescom2018 #INTP #infj\xe2\x80\xa6 https://t.co/dw3bfihzNA'
b'No one in history has ever \xe2\x80\x9csaved a life\xe2\x80\x9d\nThey have only delayed the death.#Quotes #FOLLOW #Twitter #life #facts\xe2\x80\xa6 https://t.co/9GkLUCXAUO'
b'Supervillains would have a lot more success if they committed crimes during the day when all the heroes are at thei\xe2\x80\xa6 https://t.co/NZNPsjDfkP'
"b'#MBTI types: unexpected traits. \xe2\x9c\x8c\n\nI deserve an OSCAR, I know. \xf0\x9f\x98\x86\n\n#ISTP #INTP #INFP #ENTJ #ISFJ #ISTJ #ESTJ #ESFP\xe2\x80\xa6 https://t.co/ukjyRwNMJz'"
b'RT @CursedTea__: Full house. #INTJ #MBTI https://t.co/lClWfw5pdU'
b'RT @INxPthoughts: Well said. \n#MBTI #ISTP #INTP #INFP #ENTJ #ISFJ #ISTJ #ESTJ #ESFP #INTJ #ENFJ #ESFJ #ENTP #ENFP #ESTP #INFJ #ISFP https:/\xe2\x80\xa6'
b'RT @CursedTea__: Full house. #INTJ #MBTI https://t.co/lClWfw5pdU'
b'RT @katPassionate: Anybody can be fake.  Anybody can be manipulative.  Anybody can be intelligent.  Anybody can be an idiot.  EVERYBODY has\xe2\x80\xa6'
b'RT @katPassionate: Anybody can be fake.  Anybody can be manipulative.  Anybody can be intelligent.  Anybody can be an idiot.  EVERYBODY has\xe2\x80\xa6'
b'RT @katPassionate: Anybody can be fake.  Anybody can be manipulative.  Anybody can be intelligent.  Anybody can be an idiot.  EVERYBODY has\xe2\x80\xa6'
b'RT @katPassionate: Anybody can be fake.  Anybody can be manipulative.  Anybody can be intelligent.  Anybody can be an idiot.  EVERYBODY has\xe2\x80\xa6'
b'RT @meghsyyy: when an #INFP and #ENFP are questioning their type #mbti https://t.co/OJNRbhyFjG'
b'RT @Miswired8: There seems to be the common perception among #MBTI enthusiasts that one is always GOOD at their top two functions. This isn\xe2\x80\xa6'
"b'RT @JohannesPinina: I think the most important things that draw me towards socionics was the approach and definition of sensing, and their\xe2\x80\xa6'"
b'How #Sarcastic Each Personality Type Can Be (based on #MBTI)\nhttps://t.co/kzyPha0kGQ https://t.co/SrxkXFHPV3'
b'There seems to be the common perception among #MBTI enthusiasts that one is always GOOD at their top two functions.\xe2\x80\xa6 https://t.co/z9ZvwuotFI'
b'Anybody can be fake.  Anybody can be manipulative.  Anybody can be intelligent.  Anybody can be an idiot.  EVERYBOD\xe2\x80\xa6 https://t.co/Uy6FefZ3gS'
"b""RT @mbtitime: A: I'm a good and patient listener until my mind starts to wander and start thinking about what I'm having for dinner.\nB: I'm\xe2\x80\xa6"""
"b'I think the most important things that draw me towards socionics was the approach and definition of sensing, and th\xe2\x80\xa6 https://t.co/WCNiOwkfVJ'"
b'RT @INxPthoughts: Way to state the obvious. \xf0\x9f\x98\x82\n#MBTI #ISTP #INTP #INFP #ENTJ #ISFJ #ISTJ #ESTJ #ESFP #INTJ #ENFJ #ESFJ #ENTP #ENFP #ESTP #IN\xe2\x80\xa6'
b'Join @AnnholmNet and me in Auckland https://t.co/2uINpSx8YF or Brisbane https://t.co/v3gHsKEOBq for new tools for y\xe2\x80\xa6 https://t.co/4AZqXRg98M'
b'RT @jpdeetlefs: Everything we do in life is to distract ourselves from the fact that we are going to be eventually dead forever. So distrac\xe2\x80\xa6'
b'RT @jpdeetlefs: Everything we do in life is to distract ourselves from the fact that we are going to be eventually dead forever. So distrac\xe2\x80\xa6'
b'RT @jpdeetlefs: Everything we do in life is to distract ourselves from the fact that we are going to be eventually dead forever. So distrac\xe2\x80\xa6'
b'Everything we do in life is to distract ourselves from the fact that we are going to be eventually dead forever. So\xe2\x80\xa6 https://t.co/Scipk2ZNRu'
b'RT @mbtitime: Tru story\n\n#infp #mbti https://t.co/2aeeXkVG3m'
b'RT @mbtitime: Tru story\n\n#infp #mbti https://t.co/2aeeXkVG3m'
b'RT @mbtitime: Tru story\n\n#infp #mbti https://t.co/2aeeXkVG3m'
b'RT @BSripom: New podcast episode on Imposter Syndrome. I share comparisons I make on not being the INFJ unicorn when being able to understa\xe2\x80\xa6'
b'RT @mbtitime: Me in a room full of extroverts\n\n#welp #mbti #introvert #extrovert https://t.co/oSe6OrYlEn'
b'RT @mbtienthusiast: #MBTI as #Sims3 traits https://t.co/zTrrF0Te6U'
b'It\xe2\x80\x99s so funny how many people think I\xe2\x80\x99m the Perceiving side of #MBTI. I think I present myself as positive and open\xe2\x80\xa6 https://t.co/dPwBbK7gGM'
b'Are we the brands that we wear?!\xf0\x9f\x98\x8d or \xf0\x9f\x92\xa9\nhttps://t.co/cFxFg02unp.  my post on brand name awareness curiosity on does\xe2\x80\xa6 https://t.co/Tbk2R8M38G'
b'The #MBTI Team at Stand 90 is ready and waiting to meet you at #AHRINC @AHRITWEETS https://t.co/3Uf6JGPyr0'
b'#FF \xe2\x80\x9cMy #MBTi Self-Assessment report helped me learn about myself and identify my natural #preferences. It also hel\xe2\x80\xa6 https://t.co/qHjVZxY72Y'
b'New podcast episode on Imposter Syndrome. I share comparisons I make on not being the INFJ unicorn when being able\xe2\x80\xa6 https://t.co/KuZmZ7uqWi'
"b""RT @INxPthoughts: MBTIs type's commandments. Do they align with your beliefs?\n#MBTI #ISTP #INTP #INFP #ENTJ #ISFJ #ISTJ #ESTJ #ESFP #INTJ #\xe2\x80\xa6"""
b'RT @INxPthoughts: Agree?\n#MBTI #ISTP #INTP #INFP #ENTJ #ISFJ #ISTJ #ESTJ #ESFP #INTJ #ENFJ #ESFJ #ENTP #ENFP #ESTP #INFJ #ISFP https://t.co\xe2\x80\xa6'
"b""MBTIs type's commandments. Do they align with your beliefs?\n#MBTI #ISTP #INTP #INFP #ENTJ #ISFJ #ISTJ #ESTJ #ESFP\xe2\x80\xa6 https://t.co/d0zvlZAymH"""
b'RT @INxPthoughts: Agree?\n#MBTI #ISTP #INTP #INFP #ENTJ #ISFJ #ISTJ #ESTJ #ESFP #INTJ #ENFJ #ESFJ #ENTP #ENFP #ESTP #INFJ #ISFP https://t.co\xe2\x80\xa6'
b'New lecture comparing #ESTP to #ENTP https://t.co/3Dm3TA5DUK #MBTI #psychology #16personalities #personalitytype https://t.co/dlTPP7Wekk'
b'RT @INxPthoughts: Agree?\n#MBTI #ISTP #INTP #INFP #ENTJ #ISFJ #ISTJ #ESTJ #ESFP #INTJ #ENFJ #ESFJ #ENTP #ENFP #ESTP #INFJ #ISFP https://t.co\xe2\x80\xa6'
b'Agree?\n#MBTI #ISTP #INTP #INFP #ENTJ #ISFJ #ISTJ #ESTJ #ESFP #INTJ #ENFJ #ESFJ #ENTP #ENFP #ESTP #INFJ #ISFP https://t.co/anMz9eLA1O'
b'The #MBTI team is all set to go at stand 90 at #AHRINC @AHRItweets See you soon! https://t.co/2ROQY3m0BD'
"b""RT @happysadlion: HEY FOLKS DO YOU LIKE #ASTROLOGY AND #MBTI? Join my Facebook group and let's psychoanalyze, (I am a hoe for Carl Jung) ht\xe2\x80\xa6"""
b'RT @kaylinjay05: For real. #infj #mbti https://t.co/KmavZ7TqgF via @pinterest'
b'For real. #infj #mbti https://t.co/KmavZ7TqgF via @pinterest'
"b""@HeidiPriebe1 It's not that I'm not interested in the subject or believe life has meaning (good heavens, no!), it's\xe2\x80\xa6 https://t.co/BskLzp6K0Q"""
b'What the hell.......? This is why I can call myself an ESFP but not a Se dominant. Apparently they\xe2\x80\x99re two different\xe2\x80\xa6 https://t.co/TbLxhFhynX'
"b""I would really like to sit down with Lorelai+Emily Gilmore and help their communication. It doesn't quite seem fair\xe2\x80\xa6 https://t.co/SGjteYFiT7"""
b'RT @mbtitime: Interesting chart. What did you get mistyped as?\n \nI wonder how ~accurate~ our typings are to ourselves and other people.\n\n#m\xe2\x80\xa6'
b'I had to share this. This is so true. #INFJ #IntrovertedExtrovert #RarePersonalityType #MBTI https://t.co/OSIsdtWM3U'
"b""RT @happysadlion: HEY FOLKS DO YOU LIKE #ASTROLOGY AND #MBTI? Join my Facebook group and let's psychoanalyze, (I am a hoe for Carl Jung) ht\xe2\x80\xa6"""
b'SO ready for my corporate MBTI Team Workshop tomorrow. Cannot wait to help this team use their MBTI profiles to bet\xe2\x80\xa6 https://t.co/HtaUMzT23Q'
"b""HEY FOLKS DO YOU LIKE #ASTROLOGY AND #MBTI? Join my Facebook group and let's psychoanalyze, (I am a hoe for Carl Ju\xe2\x80\xa6 https://t.co/X3hn7oCy3r"""
b'RT @mbtitime: Tru story\n\n#infp #mbti https://t.co/2aeeXkVG3m'
b'RT @belatedINTP: Do you know why so many people mistype? \n\nTyping requires that we use the very tool we use to do everything 90% of the tim\xe2\x80\xa6'
b'RT @jpdeetlefs: You discovered the ability to time travel. You go 30 years into the future expecting to meet your future self only to disco\xe2\x80\xa6'
b'RT @jpdeetlefs: Yeah....\n#MBTI #INTP #INFJ #introvert #personality  #Twitter https://t.co/M5Rx6Erain'
b'RT @jpdeetlefs: You discovered the ability to time travel. You go 30 years into the future expecting to meet your future self only to disco\xe2\x80\xa6'
b'You discovered the ability to time travel. You go 30 years into the future expecting to meet your future self only\xe2\x80\xa6 https://t.co/UBG4HGOEZ3'
b'RT @jpdeetlefs: There\xe2\x80\x99s no physical evidence to say that today is Monday. We just have to trust someone who kept the count since first one\xe2\x80\xa6'
b'RT @jpdeetlefs: There\xe2\x80\x99s no physical evidence to say that today is Monday. We just have to trust someone who kept the count since first one\xe2\x80\xa6'
b'RT @jpdeetlefs: There\xe2\x80\x99s no physical evidence to say that today is Monday. We just have to trust someone who kept the count since first one\xe2\x80\xa6'
b'RT @jpdeetlefs: There\xe2\x80\x99s no physical evidence to say that today is Monday. We just have to trust someone who kept the count since first one\xe2\x80\xa6'
b'RT @jpdeetlefs: There\xe2\x80\x99s no physical evidence to say that today is Monday. We just have to trust someone who kept the count since first one\xe2\x80\xa6'
b'RT @jpdeetlefs: There\xe2\x80\x99s no physical evidence to say that today is Monday. We just have to trust someone who kept the count since first one\xe2\x80\xa6'
b'There\xe2\x80\x99s no physical evidence to say that today is Monday. We just have to trust someone who kept the count since fi\xe2\x80\xa6 https://t.co/2EH1795WUu'
"b'Questions Each Cognitive Function Asks\n\n\xe2\x80\x9cWhat?\xe2\x80\x9d \xe2\x80\x93 Se, Si, Te, Fe\n\n\xe2\x80\x9cHow?\xe2\x80\x9d \xe2\x80\x93 Ti, Si, Ni, Te, Fi, Fe\n\n\xe2\x80\x9cWhy?\xe2\x80\x9d \xe2\x80\x93 Fi, Ne,\xe2\x80\xa6 https://t.co/Zirqzr9EAr'"
b'RT @INxPthoughts: Way to state the obvious. \xf0\x9f\x98\x82\n#MBTI #ISTP #INTP #INFP #ENTJ #ISFJ #ISTJ #ESTJ #ESFP #INTJ #ENFJ #ESFJ #ENTP #ENFP #ESTP #IN\xe2\x80\xa6'
"b'BOOSHIT BOOSHIT BOOSHIT astrology, Myers Briggs, etc. NEVER reveals a persons morals or values. Those are extremely\xe2\x80\xa6 https://t.co/f5ECQQ1RF7'"
"b'RT @cvasii23: Using  and #machinelearning, we can determine the #mbti psychological portrait of the #gameofthrones characters only from ind\xe2\x80\xa6'"
"b'Using  and #machinelearning, we can determine the #mbti psychological portrait of the #gameofthrones characters onl\xe2\x80\xa6 https://t.co/uNJ7qPKMJ7'"
"b'A refreshing positive take on the Myers Briggs https://t.co/R3AudwpNA7 #personality #MBTI ""there\xe2\x80\x99s just something i\xe2\x80\xa6 https://t.co/0rCiRw0C1F'"
b'#INFP Personality Type Advice \xe2\x80\x94 https://t.co/KByz6FvwAh   (#MBTI #MyersBriggs)'
"b'Check out rubric, the @MerriamWebster Word of the Day: https://t.co/KYtfaiaDxV\n#rubric #MBTI'"
"b'RT @billwall86: How did I learn about #MBTI?\n\nBy reading and watching independent creators online.\n\nWithout their content, I would never ha\xe2\x80\xa6'"
b'RT @CursedTea__: Full house. #INTJ #MBTI https://t.co/lClWfw5pdU'
"b'It\xe2\x80\x99s the second week of school, and I\xe2\x80\x99m pretty sure I\xe2\x80\x99ve typed every kid in all my classes. #mbti #lotsoffi #teacherprobs #myersbriggs'"
b'RT @shy_introverted: So true! #infj #mbti #anxiety #shy #awkward https://t.co/1xE0E536R0'
b'Are we the brands that we wear?!\xf0\x9f\x98\x8d or \xf0\x9f\x92\xa9 https://t.co/6M3CrnrwVD || my post on brand name awareness curiosity on does\xe2\x80\xa6 https://t.co/gRGweGegI5'
b'I can\xe2\x80\x99t keep going any more....\n\n#INFP #MBTI #hard'
b'RT @mbtitime: Me in a room full of extroverts\n\n#welp #mbti #introvert #extrovert https://t.co/oSe6OrYlEn'
b'RT @INxPthoughts: Way to state the obvious. \xf0\x9f\x98\x82\n#MBTI #ISTP #INTP #INFP #ENTJ #ISFJ #ISTJ #ESTJ #ESFP #INTJ #ENFJ #ESFJ #ENTP #ENFP #ESTP #IN\xe2\x80\xa6'
b'RT @INxPthoughts: Way to state the obvious. \xf0\x9f\x98\x82\n#MBTI #ISTP #INTP #INFP #ENTJ #ISFJ #ISTJ #ESTJ #ESFP #INTJ #ENFJ #ESFJ #ENTP #ENFP #ESTP #IN\xe2\x80\xa6'
b'Way to state the obvious. \xf0\x9f\x98\x82\n#MBTI #ISTP #INTP #INFP #ENTJ #ISFJ #ISTJ #ESTJ #ESFP #INTJ #ENFJ #ESFJ #ENTP #ENFP\xe2\x80\xa6 https://t.co/tyd6j8aHD7'
b'A mood \n\n#mbti https://t.co/tu7frejfEs'
b'RT @CursedTea__: Full house. #INTJ #MBTI https://t.co/lClWfw5pdU'
b'RT @CursedTea__: Full house. #INTJ #MBTI https://t.co/lClWfw5pdU'
"b'How did I learn about #MBTI?\n\nBy reading and watching independent creators online.\n\nWithout their content, I would\xe2\x80\xa6 https://t.co/OFHGGkFEoo'"
b'RT @mbtitime: Tru story\n\n#infp #mbti https://t.co/2aeeXkVG3m'
b'RT @IntrovertDear: 1. All-or-nothing syndrome\n\n#INFJ #16personalities #MBTI https://t.co/kAbhCJqR9f'
b'RT @daily_infj: Tell me how accurate is this.\n\n#MBTI https://t.co/CNQMNJNWxw'
b'RT @CursedTea__: Full house. #INTJ #MBTI https://t.co/lClWfw5pdU'
b'RT @CursedTea__: Full house. #INTJ #MBTI https://t.co/lClWfw5pdU'
b'#parks #and #recreation #rec #leslie #knope #mbti #personality #type #theory #types #ben #wyatt #chris #traeger\xe2\x80\xa6 https://t.co/TBy3Q494mE'
"b""RT @roundshorts: When you're an open book but only if people ask the right questions #INFJ #mbti #help"""
"b""When you're an open book but only if people ask the right questions #INFJ #mbti #help"""
b'RT @mbtitime: Me in a room full of extroverts\n\n#welp #mbti #introvert #extrovert https://t.co/oSe6OrYlEn'
"b'I\xe2\x80\x99m an INFJ. How can I make the most of my personality type, and reach my full potential? by Rachel Green\xe2\x80\xa6 https://t.co/F8h6aeFygV'"
b'Which squad do you belong?\n#MBTI #ISTP #INTP #INFP #ENTJ #ISFJ #ISTJ #ESTJ #ESFP #INTJ #ENFJ #ESFJ #ENTP #ENFP\xe2\x80\xa6 https://t.co/8BRzX45FKU'
"b'\xe2\x80\xa6some people react with feelings, some react with thinking\xe2\x80\xa6\n\n[see: Myers-Briggs Type Indicator, #MBTI ]'"
b'RT @patinar: \xe2\x80\x9cI know you think YOU get stuff done.. but I get a LOT of stuff done\xe2\x80\x9d- @rachelwinter4 to Lacy discussing their myers Briggs\xf0\x9f\x98\x82\xf0\x9f\x98\x82\xe2\x80\xa6'
b'RT @mbtitime: Tru story\n\n#infp #mbti https://t.co/2aeeXkVG3m'
b'#Personality types and information systems adoption [Personality &amp; TKMS ser https://t.co/XtQ88psj0B #fivefactormodel #mbti #myersbriggs #km'
b'RT @mbtitime: Tru story\n\n#infp #mbti https://t.co/2aeeXkVG3m'
"b""RT @mbtifacts1: RT if you're an #Introvert ! \xe2\x9c\x8c\xf0\x9f\x8f\xbb\xf0\x9f\x99\x8b\xf0\x9f\x8f\xbc\xe2\x80\x8d\xe2\x99\x82\xef\xb8\x8f\xf0\x9f\x99\x8b\xf0\x9f\x8f\xbd #mbti https://t.co/kiKTWMPdTH"""
b'Are we the brands that we wear?! \xf0\x9f\x98\x8d or \xf0\x9f\x92\xa9|| my post on brand name awareness curiosity on does a brand name make the p\xe2\x80\xa6 https://t.co/pgGkXOoTwK'
b'RT @INxPthoughts: Well said. \n#MBTI #ISTP #INTP #INFP #ENTJ #ISFJ #ISTJ #ESTJ #ESFP #INTJ #ENFJ #ESFJ #ENTP #ENFP #ESTP #INFJ #ISFP https:/\xe2\x80\xa6'
"b'RT @EsterEmillyS: We\xe2\x80\x99re looking for a deep connection. We need to be with someone we feel a strong connection with. \nOtherwise, we feel lik\xe2\x80\xa6'"
b'My fi is not healthy at all \xf0\x9f\x98\xad #mbti'
